{
  "project_info": {
    "project_number": "663400694015",
    "project_id": "demo2-3d9ee",
    "storage_bucket": "demo2-3d9ee.appspot.com"
  },
  "client": [
    {
      "client_info": {
        "mobilesdk_app_id": "1:663400694015:android:5c9cae7be950d409c58cca",
        "android_client_info": {
          "package_name": "com.example.firebase"
        }
      },
      "oauth_client": [
        {
          "client_id": "663400694015-4k8kep6mfo4nh5odq07lmegpl4bva0l1.apps.googleusercontent.com",
          "client_type": 3
        }
      ],
      "api_key": [
        {
          "current_key": "AIzaSyCWnZrN2aLMs8eDmMZns2DuNm_OX7FStaw"
        }
      ],
      "services": {
        "appinvite_service": {
          "other_platform_oauth_client": [
            {
              "client_id": "663400694015-4k8kep6mfo4nh5odq07lmegpl4bva0l1.apps.googleusercontent.com",
              "client_type": 3
            }
          ]
        }
      }
    }
  ],
  "configuration_version": "1"
}